City,State
Pineville,LA
North Little Rock,AR
Little Rock,AR
Jackson,MS
Biloxi,MS
Houston,TX
Shreveport,LA
New Orleans,LA
Fayetteville,AR
Decatur,GA
Birmingham,AL
Dublin,GA
Tuskegee,AL
Montgomery,AL
Augusta,GA
Charleston,SC
Tuscaloosa,AL
Bedford,MA
Manchester,NH
Providence,RI
Brockton,MA
Jamaica Plain,MA
West Roxbury,MA
Leeds,MA
Newington,CT
West Haven,CT
Augusta,ME
White River Junction,VT
Dallas,TX
Waco,TX
Kerrville,TX
Bonham,TX
Saginaw,MI
Battle Creek,MI
Columbus,OH
Chillicothe,OH
Cincinnati,OH
Ft. Thomas,KY
Dayton,OH
Detroit,MI
Cleveland,OH
Indianapolis,IN
Ann Arbor,MI
Marion,IN
Fort Wayne,IN
Altoona,PA
Coatesville,PA
Erie,PA
Lebanon,PA
Philadelphia,PA
Butler,PA
Wilkes-Barre,PA
Wilmington,DE
North Chicago,IL
Milwaukee,WI
Hines,IL
Chicago,IL
Iron Mountain,MI
Tomah,WI
Danville,IL
Madison,WI
Columbia,MO
Poplar Bluff,MO
Kansas City,MO
Marion,IL
Wichita,KS
Topeka,KS
Leavenworth,KS
Saint Louis,MO
Asheville,NC
Durham,NC
Fayetteville,NC
Hampton,VA
Richmond,VA
Salem,VA
Salisbury,NC
Tampa,FL
Lake City,FL
Gainesville,FL
Miami,FL
Orlando,FL
West Palm Beach,FL
Los Angeles,CA
Loma Linda,CA
Long Beach,CA
San Diego,CA
Mountain Home,TN
Lexington,KY
Memphis,TN
Louisville,KY
Murfreesboro,TN
Nashville,TN
Fresno,CA
Livermore,CA
Menlo Park,CA
Mather,CA
Honolulu,HI
Palo Alto,CA
Reno,NV
N. Las Vegas,NV
Grand Island,NE
Baltimore,MD
Beckley,WV
Clarksburg,WV
Huntington,WV
Martinsburg,WV
Perry Point,MD
Washington,DC
Cheyenne,WY
Miles City,MT
Sheridan,WY
Grand Junction,CO
Albany,NY
Bath,NY
Brooklyn,NY
Canandaigua,NY
Wappingers Falls,NY
East Orange,NJ
Montrose,NY
Bronx,NY
Lyons,NJ
New York,NY
Northport,NY
Syracuse,NY
Batavia,NY
Buffalo,NY
Boise,ID
Walla Walla,WA
Spokane,WA
Roseburg,OR
Vancouver,WA
White City,OR
Boston,MA
Albuquerque,NM
Alexandria,LA
Amarillo,TX
Anchorage,AK
Atlanta,GA
Bay Pines,FL
Big Spring,TX
Central Iowa,IA
Columbia MO,MO
Columbia SC,SC
Connecticut,CT
Denver,CO
El Paso,TX
Fargo,ND
Fayetteville AR,AR
Fayetteville NC,NC
Fort Meade,VA
Gulf Coast HCS,MS
Harlingen,TX
Hot Springs,VA
Hudson Valley,NY
Iowa City,IA
Las Vegas,NV
Marion IL,IL
Minneapolis,MN
Montana,MT
Muskogee,OK
Northampton,MA
Oklahoma City,OK
Omaha,NE
Phoenix,AZ
Pittsburgh,PA
Portland,OR
Prescott,AZ
Puget Sound,WA
Sacramento,CA
Salt Lake City,UT
San Antonio,TX
San Francisco,CA
Sioux Falls,SD
St Cloud,MN
St Louis,MO
Temple,TX
Togus,ME
Tucson,AZ
West Palm,FL
White River,VT
Wilkes Barre,PA
